ชื่อ,โรงพยาบาลที่ติดอันดับการจัดโรงพยาบาลที่ดีที่สุดโลก,เครือกลุ่มโรงพยาบาล,ประเภทโรงพยาบาลเอกชน,จำนวนเตียง,ราคาห้องผู้ป่วยใน(ห้องธรรมดา),แผนกพื้นฐานในการรักษา,โรงพยาบาลเฉพาะทาง,จำนวนแพทย์,ค่าบริการทางการแพทย์,อัตรา OPD,จำนวนครั้งในการเคลม,กลุ่มที่ 1,กลุ่มที่ 2,กลุ่มที่ 3,กลุ่มที่ 4,กลุ่มที่ 6,กลุ่มที่ 7,กลุ่มที่ 9,กลุ่มที่ 10,กลุ่มที่ 11,กลุ่มที่ 13,กลุ่มที่ 14,กลุ่มที่ 18,กลุ่มที่ 19,กลุ่มที่ 20,กลุ่มที่ 21,AVG ต่อบิล
นวมินทร์,None,None,Private,180,3000,9,None,92,100,0.9,36,1016.0,0.0,0.0,0.0,0.0,0.0,795.0,880.375,2862.5,655.1,0.0,920.75,0.0,2880.6666666666665,0.0,1195.861111111111
บ้านแพ้วสาขาสาทร,None,None,Public,54,2300,6,None,47,50,0.782608695652174,36,0.0,0.0,0.0,1327.7272727272727,0.0,1532.4444444444443,6410.0,313.0,1150.0,1440.0,0.0,0.0,0.0,0.0,2125.0,1532.3055555555557
รัชดา-ท่าพระ,None,None,Public,25,4000,8,None,10,100,0.9,36,928.0,0.0,0.0,0.0,0.0,650.0,1300.0,787.8571428571429,1001.25,898.75,675.0,653.3333333333334,920.0,0.0,0.0,769.4166666666666
บุญญาเวช,None,None,Private,29,2900,8,None,8,120,0.9069767441860465,39,0.0,0.0,0.0,18061.8,0.0,338.28,0.0,0.0,900.0,0.0,0.0,0.0,0.0,2640.0,0.0,4985.0
ทหารผ่านศึก,None,None,Public,277,1500,9,None,101,50,0.7924528301886793,42,0.0,0.0,0.0,427.5,0.0,2488.0,435.0,3441.8125,0.0,3057.8636363636365,0.0,860.0,0.0,2559.375,0.0,2569.4880952380954
สมเด็จพระปิ่นเกล้า กรมแพทย์ทหารเรือ กองทัพเรือ,None,None,Public,414,2200,4,None,173,150,0.7553191489361702,65,719.3333333333334,0.0,0.0,2209.4285714285716,0.0,2099.6,3901.75,343.359375,150.0,1013.4,1133.0,1107.5,0.0,64.64285714285714,0.0,1531.4653846153847
ธนบุรี บำรุงเมือง,None,THG,Private,1400,5620,8,None,86,200,0.92,69,3056.6666666666665,0.0,0.0,0.0,0.0,2650.0,5511.0,2966.2413793103447,2372.5714285714284,2736.3333333333335,0.0,1750.0,0.0,2542.6666666666665,850.0,2652.4927536231885
มิตรประชา,None,None,Private,148,1800,9,None,55,120,0.9342105263157895,71,997.2222222222222,0.0,0.0,1000.0,950.0,1232.0,1066.0,1150.7142857142858,1143.3333333333333,790.0,890.0,1243.3333333333333,0.0,1559.7826086956522,1000.0,1237.887323943662
นพรัตนราชธานี,None,None,Public,609,1400,9,None,128,150,0.8409090909090909,74,0.0,0.0,0.0,1692.3076923076924,0.0,1144.625,1763.6363636363637,558.0,1359.8333333333333,2063.8333333333335,4340.0,1591.642857142857,62.6875,778.0,0.0,1380.831081081081
เมดพาร์ค,Top,None,Private,205,11000,9,None,394,430,0.8867924528301887,94,0.0,3830.0,2236.4,900.0,1733.75,6362.5,0.0,1667.25,2614.6666666666665,1492.4666666666667,3820.0,1388.5,1550.0,2506.5,0.0,2233.478723404255
แพทย์ปัญญา,None,None,Private,125,2150,9,None,22,100,0.824,103,953.8571428571429,0.0,0.0,0.0,0.0,22.51851851851852,1622.5,873.7368421052631,1021.4285714285714,904.0,435.75,855.8333333333334,993.5,1829.3333333333333,216.0,766.0495145631069
สวนเบญจกิตติ เฉลิมพระเกียรติ 84 พรรษา,None,None,Public,60,1400,7,None,45,30,0.907563025210084,108,0.0,0.0,0.0,5608.0,350.0,1724.7280645161293,2241.285714285714,992.6363636363636,11371.666666666666,703.5,0.0,0.0,0.0,0.0,0.0,2387.153425925926
อินทรารัตน์,None,None,Private,152,3800,8,None,21,150,0.959349593495935,118,0.0,0.0,0.0,0.0,0.0,1283.983870967742,0.0,1100.0,0.0,36.53658536585366,0.0,0.0,0.0,1580.25,0.0,882.0254237288135
ตำรวจ,None,None,Public,485,1600,8,None,363,50,0.6868131868131868,125,0.0,4541.458333333333,740.0,1449.1911764705883,5541.0,553.0833333333334,1242.58,0.0,561.4285714285714,1263.5869565217392,3004.0,1997.875,930.0,185.0,0.0,1645.016
กลาง,None,None,Public,475,3000,9,None,116,30,0.8580645161290322,133,952.6875,0.0,0.0,5246.666666666667,0.0,2076.02152173913,4996.728260869565,825.0,1261.4285714285713,1220.4125,599.6666666666666,563.5,0.0,1090.4,2370.0,2270.4886466165412
สมิติเวชไชน่าทาวน์ : BDMS,None,BDMS,Private,31,6190,6,None,85,300,0.8802395209580839,147,1323.3883333333333,750.0,0.0,2150.0,0.0,4646.961428571429,2200.4558333333334,1616.9947058823527,3251.285,2049.2327586206898,1369.2475,1738.6490909090908,0.0,1877.8576190476188,1040.75,2079.72768707483
วชิรพยาบาล,Top,None,Public,740,2400,9,None,341,50,0.5577689243027888,161,0.0,509.8,685.6666666666666,1175.1666666666667,506.75,2016.6,3254.0,861.3333333333334,436.4,1106.93,954.7727272727273,1540.1372549019607,0.0,2397.5,0.0,1302.4446169772257
เลิดสิน,None,None,Public,609,1600,9,None,185,100,0.8512820512820513,166,0.0,0.0,0.0,636.8333333333334,0.0,29.655913978494624,916.0909090909091,0.0,727.0,982.3513513513514,550.0,1020.0,0.0,667.1428571428571,0.0,395.71084337349396
ราชวิถี,Top,None,Private,1031,4300,9,None,347,100,0.676,169,2520.0,1396.9,981.0,1228.939393939394,347.0,498.61538461538464,2082.6666666666665,277.5,415.5,2952.5,1106.9285714285713,1854.0,585.25,780.0,0.0,1495.1242603550295
เวชศาสตร์เขตร้อน,None,None,Public,106,1700,3,None,41,100,0.956989247311828,178,474.275,0.0,0.0,1837.4117647058824,234.25,0.0,2350.0,630.703125,1203.4444444444443,809.3863636363636,3818.0,432.9166666666667,373.6666666666667,0.0,489.25,742.0449438202247
บางไผ่,None,None,Private,100,3530,9,None,8,100,0.967741935483871,180,769.8571428571429,0.0,0.0,1558.6055555555556,0.0,4002.37,1055.0716666666667,873.2503333333333,1621.4822222222222,1079.908181818182,1251.0,853.9315384615385,541.0,1162.8268292682926,0.0,1268.3168333333333
วิชัยเวช แยกไฟฉาย,None,Vichaivej,Private,49,3250,9,None,7,110,0.900990099009901,182,848.6666666666666,0.0,0.0,880.0,530.0,1750.971935483871,0.0,1155.7878787878788,1320.909090909091,1149.5833333333333,790.0,739.4285714285714,710.0,1381.6666666666667,0.0,1369.4739560439562
สินแพทย์ รามอินทรา,None,VIBHA,Private,287,3100,9,None,258,150,0.8810572687224669,200,1586.8333333333333,0.0,2144.0,2710.0,0.0,1456.923076923077,1368.3333333333333,1502.0833333333333,1570.6153846153845,1824.1904761904761,1337.857142857143,1259.5,600.0,2484.4444444444443,1594.0,1606.175
ภูมิพลอดุลยเดช กรมแพทย์ทหารอากาศ,None,None,Private,619,2000,9,None,221,50,0.9133858267716536,232,1933.5,1784.25,1321.5,1220.7272727272727,1074.6296296296296,1182.6875,1105.857142857143,1027.3,1528.8625,763.4137931034483,425.0,1628.0,0.0,1426.7307692307693,755.0,1126.552801724138
บางนา 1,None,None,Private,101,2700,7,None,84,100,0.9641434262948207,242,991.9473684210526,0.0,0.0,700.0,745.0,90.76148148148148,0.0,924.04,1054.5454545454545,642.6315789473684,472.0,688.2727272727273,0.0,1083.6363636363637,0.0,789.5932231404959
วิมุต,None,None,Private,236,5900,7,None,232,150,0.9586466165413534,255,1361.945,0.0,0.0,0.0,980.0,2099.429076923077,2116.0,912.020625,2459.230769230769,1889.3964705882354,1204.48,1743.2857142857142,0.0,2004.6753846153845,4998.0,1931.3595686274512
บางมด,None,None,Private,203,4000,9,None,71,200,0.9222614840989399,261,1311.9444444444443,1832.75,1750.0,1467.952380952381,450.0,634.4342105263158,1317.7777777777778,1235.8947368421052,1330.7222222222222,981.3,1389.4,899.25,925.0,1408.1,0.0,1189.1590038314175
บางปะกอก 8,None,BHGRT,Private,200,3200,9,None,219,80,0.8701298701298701,268,1152.01,0.0,818.0,1896.7291666666667,900.0,1045.9479166666667,1104.0,970.698275862069,1449.8846153846155,1028.5833333333333,991.5454545454545,889.1911764705883,1500.0,1698.1145833333333,0.0,1191.3722014925372
สิรินาถบึงกุ่ม (วิภาราม นวมินทร์),None,VIBHA,Private,52,3440,4,None,5,510,0.9152542372881356,324,1638.6363636363637,0.0,3922.0,2137.6666666666665,1590.9,0.0,1814.7777777777778,1617.3610714285714,2298.42,1770.3061224489795,1497.4545454545455,1935.8260869565217,1530.5,2826.795918367347,3426.0,2056.395401234568
จุฬาภรณ์,None,None,Public,115,3500,8,None,445,100,0.8468809073724007,448,0.0,2914.7985074626868,1659.9285714285713,1203.6842105263158,3972.8571428571427,4327.895833333333,2540.189393939394,554.53125,2022.0760869565217,830.0431034482758,1458.4883720930231,1575.0648148148148,0.0,1093.9666666666667,506.0769230769231,2032.454799107143
ราษฎร์บูรณะ,None,None,Public,124,3950,9,None,46,200,0.8817391304347826,507,1011.0434782608696,800.0,850.0,1406.425,933.0,1470.6785714285713,1127.6666666666667,1008.5072463768116,1398.75,892.0967741935484,807.3541666666666,859.0,1727.5,1380.0526315789473,0.0,1148.475345167653
กล้วยน้ำไท 1,None,None,Private,160,6650,8,None,85,100,0.9376083188908145,541,1098.2045454545455,800.0,0.0,1224.2142857142858,812.4,931.9333333333333,1305.75,1105.6739130434783,1226.8181818181818,1221.5076923076922,1206.6833333333334,852.0714285714286,0.0,1853.3260869565217,1150.0,1181.0268022181147
วิชัยเวชอินเตอร์เนชั่นแนลหนองแขม(ศรีวิชัย2),None,Vichaivej,Private,172,4200,8,None,137,80,0.8792569659442725,568,1184.5625,2020.0,1240.0,1126.7708333333333,1295.857142857143,882.1428571428571,1420.2,1166.5583333333334,1508.9545454545455,1352.1090909090908,1154.34375,1177.1627906976744,659.75,1916.313432835821,665.0,1386.463028169014
พระมงกุฎเกล้า,Top,None,Public,953,2000,9,None,249,50,0.8563685636856369,632,952.5,2754.467741935484,1597.18,2625.5913978494623,4685.764705882353,1609.1818181818182,2613.3246913580247,2903.8541666666665,2868.75,2065.3326446280994,2639.9270833333335,1331.0731707317073,3357.0,3806.8888888888887,1027.7777777777778,2353.6274525316458
มิชชั่น,None,None,Private,120,4000,6,None,107,150,0.9333333333333333,658,1082.8387096774193,1575.0,0.0,1592.1046511627908,1200.0,930.5,1468.8484848484848,1243.528,1592.888888888889,1209.784090909091,1339.4347826086957,1235.2333333333333,1630.9166666666667,1527.3428571428572,894.1428571428571,1311.132218844985
เทพธารินทร์,None,None,Private,80,2100,8,None,106,280,0.9596231493943472,713,1440.75,2650.5454545454545,9260.0,2347.930463576159,4534.9,1389.8039215686274,3724.0,1478.5470297029703,1395.4166666666667,1711.0135135135135,1641.0645161290322,1757.2758620689656,1333.3333333333333,2555.294117647059,0.0,1998.17286115007
คามิลเลียน,None,None,Private,120,4400,7,None,146,100,0.9786381842456608,733,1161.5714285714287,0.0,500.0,1321.0344827586207,1598.2,1287.25,1191.0714285714287,1016.1838235294117,1084.1818181818182,1045.092105263158,1065.1052631578948,1129.5172413793102,907.375,1261.8333333333333,717.1449275362319,1095.2578444747612
ปิยะเวท,None,BHGRT,Private,150,5760,9,None,243,150,0.951195219123506,955,1481.8478260869565,1234.4,1336.0220000000002,1632.7793055555555,500.0,1587.4875000000002,1711.1814634146342,1367.929823788546,1924.1975757575758,1658.5567553191488,1394.928108108108,1522.15,1447.375,2424.288888888889,661.0,1594.1492565445026
เกษมราษฎร์รามคำแหง : BCH,None,BCH,Private,139,3800,8,None,101,150,0.95897903372835,1052,1135.5,0.0,1500.0,1029.8347826086956,1100.0,1495.4782608695652,1100.7848101265822,1246.3839662447258,1408.3454545454545,1373.813432835821,1210.0,1049.3902439024391,1774.4,1605.3076923076924,942.3333333333334,1253.4895437262358
บางโพ,None,None,Private,100,3700,9,None,155,50,0.8680851063829788,1428,1394.3714925373133,1602.0,900.0,2524.208787878788,1316.2500000000002,2189.1054237288135,2003.5458333333336,1657.191361111111,1753.3177215189874,1539.50785,1447.4709523809524,1344.8656603773586,1411.1666666666667,2231.9490393013098,1520.2,1716.5088095238095
บางปะกอก 9 อินเตอร์เนชั่นแนล,Top,BHGRT,Private,120,3200,7,None,285,120,0.9360328638497653,1595,1544.6447368421052,2201.25,4126.0,2290.4048295454545,1545.55,1413.8125,1983.2107843137255,1430.60038071066,2618.0120689655173,1588.748106060606,1623.2596153846155,1594.328947368421,1117.0892857142858,1989.094827586207,871.6666666666666,1718.2332601880876
สมิติเวชธนบุรี : BDMS,None,BDMS,Private,150,6190,8,None,256,300,0.9582379862700229,1675,1488.5558878504671,1611.1100000000001,1548.466,1499.495813953488,1595.9555555555555,1943.602222222222,1621.5334782608697,1665.5880000000002,2031.5328358208953,1847.5989878542512,864.8666923076923,1667.9174444444445,2256.6448,2199.946124031008,925.0,1681.115808955224
ซีจีเอชสายไหม,None,None,Private,100,3890,8,None,384,50,0.9361820199778025,1687,1076.970297029703,1354.3333333333333,0.0,1446.4158415841584,852.7272727272727,1147.531914893617,1463.9489795918366,1466.0927487352444,1346.295918367347,1316.9760479041915,1264.1052631578948,1085.6120689655172,2079.6363636363635,1718.8362573099416,579.5,1367.5886188500297
บางปะกอก 1,None,BHGRT,Private,120,3200,7,None,171,100,0.9310344827586207,1701,1183.5116822429907,0.0,1289.98,1482.9027777777778,1374.75,1161.74375,1616.2105263157894,1256.7931985294117,1892.927734375,1498.5067567567567,1339.3801369863013,1224.9289215686274,1075.6666666666667,1541.4454225352113,0.0,1381.8578659611992
ซีจีเอชพหลโยธิน,Top,None,Private,120,4430,8,None,384,150,0.9064327485380117,1705,1302.9583333333333,1728.0,2204.4,3147.4285714285716,1354.0,1708.6949152542372,3191.027027027027,1470.48033126294,1882.2181818181818,1723.8522727272727,1529.7777777777778,1312.8709677419354,1736.4736842105262,2001.4888888888888,1215.0,1746.641642228739
นวมินทร์ 9,None,None,Private,245,3280,9,None,179,100,0.911264367816092,1982,1047.4587155963302,937.4545454545455,1236.0,1185.5916230366493,668.7777777777778,936.9245283018868,1375.1453488372092,977.3513513513514,1297.3398692810458,991.0350877192982,864.78125,923.3699421965318,955.0,1527.0829493087558,667.6923076923077,1094.319374369324
บีเอ็นเอช : BDMS,None,BDMS,Private,86,8800,9,None,291,350,0.9451597520267048,1982,2214.690695652174,2576.335882352941,2244.705882352941,3998.0503636363633,3552.3885714285716,3268.9168932038833,2606.1906779661017,2052.1988950276245,2318.070943396226,2161.693935185185,2539.7625,2308.4608333333335,2072.80380952381,3015.598805970149,5701.9842499999995,2462.1895307769933
สุขุมวิท,None,RAM,Private,135,2760,8,None,46,170,0.9342723004694836,1990,1680.2428571428572,2476.75,1954.5,2174.936170212766,2587.4,2032.192857142857,1974.3709677419354,1631.732864674868,2039.364406779661,2079.42,1828.0958904109589,1762.045871559633,2054.5454545454545,2775.108108108108,3205.8888888888887,1910.5040201005024
เจ้าพระยา,None,None,Private,200,5750,7,None,350,80,0.8917117867555185,2141,1789.4566929133857,927.0,1002.0,2724.815789473684,1652.6,1702.2708333333333,2261.7238095238095,1562.290843806104,2333.4143518518517,1989.1630434782608,1586.287234042553,2084.84,1685.6666666666667,2555.0465949820787,2695.4166666666665,1949.5929472209248
ศิริราชพยาบาล,None,None,Public,2112,1000,9,None,2263,130,0.7633881694084704,2181,1665.6666666666667,3163.752613240418,1620.923076923077,2193.431884057971,14619.55,1558.1940298507463,2353.089861751152,1681.7432432432433,1564.7586206896551,1408.1176470588234,2031.2099644128114,1952.7297297297298,775.6,1445.804347826087,1506.6666666666667,2179.599610270518
บำรุงราษฎร์,Top,BH,Private,580,11492,9,None,1133,300,0.926829268292683,2242,3339.1202739726027,2112.650267857143,1920.7007692307693,3442.791320754717,2086.353703703704,2230.8769784172664,3123.9139215686273,2013.7225153374234,2660.524630350195,2327.839342857143,2610.0255244755244,2130.962953020134,1794.622,3002.7985294117643,3701.0857142857144,2438.3019090098132
เพชรเวช,None,None,Private,200,4810,9,None,306,100,0.9601342845153168,2288,1086.936,773.0,988.2,1078.5393258426966,1245.8076923076924,2072.2580645161293,1231.973544973545,1132.274373259053,1101.4255319148936,1200.3201320132014,1192.05,1088.0518518518518,1320.764705882353,1747.9344262295083,1288.75,1169.3039772727273
เกษมราษฎร์บางแค : BCH,None,BCH,Private,311,5600,5,None,157,150,0.9299920445505171,2338,1196.0762711864406,1396.0,946.9333333333333,1563.4506172839506,1133.6666666666667,1318.6296296296296,1304.9597069597069,1176.1821705426357,1485.2738853503186,1264.1349480968859,1184.93,1146.2884615384614,1255.5416666666667,2123.85,1101.5714285714287,1346.5419161676646
พญาไท นวมินทร์ : BDMS,None,BDMS,Private,140,4100,9,None,57,80,0.9382044306257287,2414,1516.5142857142857,1370.3,824.625,1958.6434782608696,1757.4166666666667,2069.2413793103447,2258.0,1601.4566371681417,2241.048128342246,1594.661807580175,1595.5316455696202,1691.3925925925926,2294.3478260869565,1911.0392156862745,1372.0,1730.774647887324
เวชธานี,None,None,Private,263,5850,8,None,722,150,0.9327761627906976,2567,2041.0579200000002,3830.03,1789.8245454545454,3043.010200668896,1877.8353571428572,2512.5551315789476,4251.740722222223,1491.9021080139375,2324.992195121951,1941.481312849162,2143.7343859649122,2085.5481904761905,2183.678888888889,2001.1906081081083,2821.8,2193.7006155044796
นครธน,None,None,Private,150,4500,8,None,60,150,0.9357531760435571,2578,1620.8760666666665,1288.0,1387.055833333333,1847.1059322033893,1560.4036363636367,1567.573671875,2234.2179629629622,1552.0450925925927,1936.8209090909097,1817.0273684210526,1454.3714285714286,1611.704489795918,1753.705294117647,1987.713731884058,1468.0,1669.8716330488753
พญาไท 1 : BDMS,Top,BDMS,Private,174,4800,9,None,245,150,0.9335189697180647,2682,1873.7629310344828,1741.108695652174,1798.4285714285713,2264.0304568527918,1393.3444444444444,1957.3699186991869,1604.1274509803923,1677.1449416342411,2201.315705128205,1831.09900990099,1799.8997005988024,1574.2857142857142,2318.6,2328.0949367088606,2475.0,1856.1411260253542
ธนบุรี 2,None,THG,Private,95,5350,9,None,222,140,0.9225280326197758,2715,1500.439325153374,927.7142857142857,650.0,2565.95,1446.6315789473683,1796.7477372262774,2181.025641025641,1508.5322125181951,1869.5,1678.5664169381107,2106.5973684210526,1708.4826923076923,1650.2291666666667,2177.806924882629,3732.0,1766.0394548802947
สินแพทย์  ศรีนครินทร์,None,VIBHA,Private,110,2800,9,None,21,100,0.8739172281039461,2724,1483.8546794871795,1418.8333333333333,1716.6666666666667,1950.6687116564417,1998.8461538461538,1165.79296875,1506.872033898305,1610.101703877791,1770.7967032967033,1792.1127819548872,1523.1176470588234,1472.3333333333333,2002.3636363636363,1778.0826128266033,877.6666666666666,1612.5729919236417
บีแคร์เมดิคอลเซ็นเตอร์,None,None,Private,136,4330,5,None,145,80,0.9382875605815832,2904,1220.8698124999996,1505.7466666666667,1040.0,1954.7653333333333,1045.3706666666667,1095.6935643564357,1739.457064676617,1304.9685194174758,1311.8074863387978,1266.5940740740741,1442.7194642857144,1009.8261983471075,1113.923076923077,1437.586637554585,1188.25,1349.8220661157027
สมิติเวชสุขุมวิท : BDMS,Top,BDMS,Private,275,9000,7,None,571,300,0.9307692307692308,2904,1925.3032307692308,2472.860909090909,2060.9080555555556,4197.968711656442,1930.162105263158,1752.5231404958677,2754.492478632478,1857.1651656626502,2051.0785096153845,1764.899672727273,2250.5306923076923,1714.96465437788,1724.319375,2944.0380357142853,3272.009428571428,2079.6916666666666
จุฬาลงกรณ์,Top,None,Public,1485,3500,9,None,435,20,0.8511742217367558,3117,3606.6190476190477,3311.3756906077347,3559.891891891892,1991.7896253602305,3972.06,1987.5645161290322,2120.785714285714,1670.5474137931035,3264.0848623853212,3222.1482479784368,1569.2216066481994,2210.793388429752,802.9230769230769,1781.5555555555557,2002.7142857142858,2521.16201475778
สมิติเวชศรีนครินทร์ : BDMS,Top,BDMS,Private,154,7255,9,None,8,200,0.9353361945636623,3269,1991.8151020408159,3749.8588888888894,1614.243,2354.6541111111105,1831.252,2214.8224832214764,2840.877647058824,1885.0728374384246,2373.019723320158,2057.2666840731067,2195.13905982906,1809.9632624113476,1890.3551063829784,2589.2742767295595,3239.7209756097554,2088.0652493117163
ไทยนครินทร์,None,None,Private,190,6020,9,None,346,125,0.9270805096232041,3420,1688.5612903225806,2005.25,5353.111111111111,2632.201923076923,1896.9166666666667,1508.857142857143,2564.3727272727274,1544.0410526315789,2147.448888888889,1616.5526315789473,1636.2222222222222,1614.7601809954751,1657.2903225806451,1912.9717647058824,1830.6818181818182,1709.2230994152046
ธนบุรี 1,Top,THG,Private,435,5620,9,None,625,120,0.9138830897703549,3502,1685.0544217687075,1971.9565217391305,2451.153846153846,2803.4294696969696,1284.6307692307691,1565.6510067114093,2483.350210970464,1472.7271863117871,1967.082554517134,1857.4138840070298,1711.6625514403293,1544.4466292134832,1448.5,1952.3003144654087,1468.3333333333333,1821.744683038264
เปาโลเมโมเรียล เกษตร : BDMS,None,BDMS,Private,162,4000,7,None,263,100,0.9331403000789682,3545,1234.639344262295,1514.8,1066.1,1502.058495821727,1289.1764705882354,1582.611111111111,1947.353591160221,1400.6772228989037,1662.2435897435898,1695.1925,1442.761421319797,1214.3701298701299,1646.7142857142858,1927.2722371967654,1115.6896551724137,1522.937658674189
วิชัยยุทธ,None,None,Private,207,5500,9,None,716,250,0.9267928286852589,3722,2000.9417808219177,1561.992372881356,1374.7080392156863,2423.243604651163,2323.193181818182,1588.613875598086,2438.244012345679,1625.9574261603375,1958.2922865013772,1852.7465692503176,2107.370487804878,1874.1231543624162,1648.7611111111112,1892.8885388127856,3919.5758620689653,1857.6811606663082
มงกุฎวัฒนะ,None,None,Private,100,4000,8,None,411,75,0.9344303166292696,3748,1118.4927149321265,1569.053870967742,980.5491666666667,1833.4579888268156,1483.705,1266.152740740741,1406.2140692640694,1290.6841656942825,1726.4445833333332,1179.1012021857925,1146.0595901639344,1082.0302777777779,896.993125,1636.151582568807,674.4,1319.6799359658485
หัวเฉียว,None,None,Private,338,3300,6,None,391,50,0.9621249385145105,3912,1024.019,2174.6375,1305.3076923076924,1202.5686936936936,866.3973214285714,1421.7847533632287,1537.8053892215569,937.2374161073825,1258.7258403361345,1078.8293172690762,1366.6650943396226,1022.2665697674419,1061.4473684210527,1391.2845769230769,1983.3157894736842,1172.6663573619633
พญาไท 3 : BDMS,None,BDMS,Private,230,6200,9,None,412,150,0.9020852221214869,3980,1709.1823144104803,1941.8529411764705,1188.125,2420.0714285714284,2703.342105263158,1881.455078125,2501.526515151515,1705.827375352775,2071.3126582278483,1928.5658536585365,1906.87899543379,1873.2152466367713,1877.6,2566.4771341463415,1973.58,1895.697675879397
เกษมราษฎร์ประชาชื่น : BCH,None,BCH,Private,362,4800,7,None,286,150,0.9421028253821213,4068,1393.3542857142857,1086.7142857142858,1825.0,1514.6132596685084,1163.0833333333333,1551.0218579234972,1521.7885462555066,1465.7254697286012,1874.6877323420074,1345.681623931624,1295.837837837838,1350.8,1153.139534883721,2049.8737113402062,1535.3333333333333,1500.045476892822
สินแพทย์ เสรีรักษ์,None,VIBHA,Private,238,4050,9,None,231,100,0.8752129471890971,4110,1518.3061946902656,1625.7692307692307,1878.9259259259259,2125.2736196319015,2359.752,1330.5545454545454,2069.508333333333,1419.9781367392939,1816.9301694915255,1704.0342465753424,1546.256818181818,1569.0172972972973,1538.1818181818182,2184.8754504504504,1341.9444444444443,1631.1676885644772
วิภาราม,None,VIBHA,Private,150,2200,9,None,272,100,0.9451702720068537,4413,1280.0984848484848,1301.2777777777778,1082.0285714285715,1285.6386861313867,1213.4054054054054,2060.4906976744187,1379.7613636363637,1386.4832285115303,1676.8038147138964,1343.0996732026144,1253.2434456928838,1143.6634615384614,916.2903225806451,1713.1875,986.6,1376.3173351461592
กรุงเทพคริสเตียน,Top,None,Private,244,4900,6,None,319,400,0.9370015948963317,4700,1443.3803418803418,1904.4571428571428,1572.5652173913043,2291.444155844156,2549.3846153846152,1810.6314102564102,2608.878048780488,1530.945701357466,1841.9472295514513,1461.6899408284023,1659.3854166666667,1521.3690987124464,1423.09375,2065.8083333333334,2207.242424242424,1702.4697872340425
ศิริราช ปิยมหาราชการุณย์,Top,None,Private,350,6700,9,None,615,180,0.778680981595092,5077,1786.3234042553192,5899.4537037037035,10432.524390243903,2460.4992771084335,1779.6,1970.7541899441342,3123.0383141762454,1801.812743823147,2781.316326530612,2055.5976683937824,2100.039164490862,1819.2780534351143,1768.1818181818182,3048.254945054945,3953.1666666666665,2516.4572483750244
รามาธิบดี,Top,None,Private,1378,1000,9,None,1041,100,0.8465494359654944,5103,3057.7986111111113,4410.486901408451,2888.691520467836,2205.0669975186106,4030.3694029850744,1246.0714641744548,2275.1823529411763,1530.9641509433961,2048.7778846153847,1873.647393364929,2338.1352859135286,1461.9375,1746.8695652173913,2794.0434782608695,2994.4429824561403,2407.2746110131297
กรุงเทพ : BDMS,Top,BDMS,Private,263,11300,9,None,1198,300,0.9378729378729379,5344,2083.7825988700565,4639.711411764705,2377.2156896551724,3822.677270341208,3113.7181666666665,2552.0906993006993,3536.057247058824,1928.7546594005453,3288.965090579711,2279.800895061728,2906.9483766233766,2890.203953488372,1999.0806666666665,3060.761168831168,3658.1742307692307,2665.7124382485035
เซนต์หลุยส์,Top,None,Private,387,4500,9,None,188,200,0.9647662889518414,5449,1416.7064220183486,1871.948717948718,1072.5,1725.3202614379086,1225.357142857143,1574.5263157894738,1540.8358974358973,1401.4716187806587,1632.4281842818427,1494.7718446601941,1421.7932692307693,1450.366533864542,1383.5263157894738,1621.106699751861,1167.3636363636363,1452.8825472563774
เปาโลเมโมเรียล โชคชัย4 : BDMS,None,BDMS,Private,140,2940,8,None,183,100,0.9390223965996404,5744,1292.6434426229507,1276.5151515151515,1171.6,1055.676176890157,1145.5,989.282722513089,1230.0868852459016,1237.9976152623212,1419.586402266289,1226.326923076923,1186.5615942028985,1154.2243243243242,1453.030303030303,1680.4131355932204,1059.904761904762,1235.1869777158774
รามคำแหง,Top,RAM,Public,486,3500,9,None,327,80,0.9205622236260266,5829,1549.3139565217393,2029.6517021276597,1506.471052631579,1753.4609057971013,1679.7677500000002,1671.1433606557375,2225.1590294117645,1675.0073763570565,1795.858126410835,1618.941575603558,1696.6030769230767,1618.0121107266436,1518.9571428571428,2086.577781065089,2663.1056603773586,1714.127421513124
ศิครินทร์,None,None,Private,258,5100,9,None,348,120,0.9182309442548351,6457,1532.609022988506,2859.462790697675,2185.478260869565,2146.916726057906,1562.55625,1866.7403488372097,2067.5795907473307,1613.0382633451952,2003.5834421364984,1667.0942412818092,1953.7086005830904,1493.9345914396893,1560.5824096385543,2266.462557603688,1583.35,1743.5354855195912
เปาโลเมโมเรียล พหลโยธิน : BDMS,None,BDMS,Private,220,5450,9,None,305,100,0.9460052677787533,6465,1590.5263535911604,1322.791923076923,1756.787857142857,2235.325710900474,1603.7357142857143,2025.2794557823122,1943.335963718821,1657.1508529214238,2111.5834508348794,1839.0303046218492,1643.9636363636357,1550.6369520547944,1592.1,2221.1344468085113,2476.8448484848486,1809.7729559164734
พญาไท 2 : BDMS,Top,BDMS,Private,260,6687,9,None,535,180,0.929183254916154,7702,1864.2897297297295,1979.3765432098764,1817.3157407407407,2165.540752351097,1975.7934782608695,1887.5937119675455,2417.065789473684,1881.4252190237796,2158.671474358974,2034.066058763931,2111.148590021692,1991.9250608272505,1695.0,2477.1223924731185,2919.8650442477874,2019.7652739548166
ลาดพร้าว,None,None,Private,180,4700,8,None,206,200,0.9372577519379846,7738,1275.723190954774,1260.2762765957448,951.8280851063829,1459.425737410072,1720.8980180180179,1258.9750769230768,1384.8257297297296,1223.8608701657463,1345.9910912698413,1327.9371439688716,1283.927529411765,1182.749432835821,1136.845,1825.8018025751073,1884.325925925926,1316.0780033600413
พระรามเก้า,Top,None,Private,166,7950,9,None,340,250,0.9563889567554361,7829,1784.0929824561404,3249.7906976744184,1666.24,2167.6704730831975,1831.7931034482758,1698.2927927927929,2116.4823529411765,1740.3670921198668,2083.451499118166,1783.5886287625417,1987.6177777777777,1581.5706371191136,1629.6666666666667,2230.0422297297296,2001.2142857142858,1866.1325839826286
วิภาวดี,None,None,Private,258,4360,8,None,417,80,0.9080853004903637,7963,1709.437037037037,2161.396226415094,1860.375,2177.901098901099,1762.5652173913043,1744.0729483282676,2370.9450176678442,1775.430126002291,2661.9119170984454,1815.9659863945578,1905.9312377210217,1825.2506329113924,1745.0384615384614,4319.456436931079,2597.7,2141.3975185231693
